simplified,vietnamese,pinyin,english,hsk_level
啊,,ā,interjection of surprise; Ah!; Oh!,2
爱,,ài,to love; to be fond of; to like; affection; to be inclined (to do sth); to tend to (happen),2
爱好,,ài hào,to like; to be fond of; to take pleasure in; to be keen on; interest; hobby,2
爱情,,ài qíng,romance; love (romantic),2
爱人,,ài ren,spouse (PRC); lover (non-PRC),2
安静,,ān jìng,quiet; peaceful; calm,2
安全,,ān quán,safe; secure; safety; security,2
八,,bā,eight; 8,2
爸,,bà,father; dad; pa; papa,2
爸爸,,bà ba,(coll.) father; dad,2
吧,,bā,"bar (loanword) (serving drinks, or providing Internet access etc); to puff (on a pipe etc); (onom.) bang; abbr. for 贴吧",2
白,,Bái,surname Bai,2
白色,,bái sè,white; fig. reactionary; anti-communist,2
白天,,bái tiān,daytime; during the day; day,2
百,,Bǎi,surname Bai,2
班,,Bān,surname Ban,2
班长,,bān zhǎng,class monitor; squad leader; team leader,2
办,,bàn,to do; to manage; to handle; to go about; to run; to set up; to deal with,2
办法,,bàn fǎ,means; method; way (of doing sth),2
办公室,,bàn gōng shì,office; business premises; bureau,2
半,,bàn,half; semi-; incomplete; (after a number) and a half,2
半年,,bàn nián,half a year,2
半天,,bàn tiān,half of the day; a long time; quite a while; midair,2
半夜,,bàn yè,midnight; in the middle of the night,2
帮,,bāng,old variant of 帮,2
帮忙,,bāng máng,to help; to lend a hand; to do a favor; to do a good turn,2
帮助,,bāng zhù,assistance; aid; to help; to assist,2
包,,Bāo,surname Bao,2
包子,,bāo zi,bao (steamed stuffed bun),2
饱,,bǎo,to eat till full; satisfied,2
报名,,bào míng,to sign up; to enter one's name; to apply; to register; to enroll; to enlist,2
报纸,,bào zhǐ,newspaper; newsprint,2
杯,,bēi,"cup; trophy cup; classifier for certain containers of liquids: glass, cup",2
杯子,,bēi zi,cup; glass,2
北,,běi,north; (classical) to be defeated,2
北边,,běi biān,north; north side; northern part; to the north of,2
北方,,běi fāng,north; the northern part a country; China north of the Yellow River,2
北京,,Běi jīng,"Beijing, capital of the People's Republic of China",2
背,,bēi,variant of 背,2
本,,běn,"root; stem; origin; source; this; the current; original; inherent; originally; classifier for books, periodicals, files etc",2
本子,,běn zi,"book; notebook; Japanese-style self-published comic (esp. an erotic one), aka ""dōjinshi""; edition",2
比,,Bǐ,Belgium; Belgian; abbr. for 比利时,2
比如,,bǐ rú,for example; for instance; such as,2
比如说,,bǐ rú shuō,for example,2
笔,,bǐ,"pen; pencil; writing brush; to write or compose; the strokes of Chinese characters; classifier for sums of money, deals",2
笔记,,bǐ jì,to take down (in writing); notes; a type of literature consisting mainly of short sketches,2
笔记本,,bǐ jì běn,notebook (stationery); notebook (computing),2
必须,,bì xū,to have to; must; compulsory; necessarily,2
边,,biān,side; edge; margin; border; boundary; simultaneously,2
变,,biàn,to change; to become different; to transform; to vary; rebellion,2
变成,,biàn chéng,to change into; to turn into; to become,2
便宜,,biàn yí,convenient,2
遍,,biàn,variant of 遍,2
表,,biǎo,exterior surface; family relationship via females; to show (one's opinion); a model; a table (listing information); a form; a meter (measuring sth),2
别,,Bié,surname Bie,2
别的,,bié de,else; other,2
别人,,bié ren,other people; others; other person,2
病,,bìng,illness; disease; to fall ill; defect,2
病人,,bìng rén,sick person; patient; invalid,2
不,,bù,no; not so; (bound form) not; un-,2
不错,,bù cuò,correct; right; not bad; pretty good,2
不大,,bù dà,not very; not too; not often,2
不但,,bù dàn,not only (... but also ...),2
不对,,bù duì,incorrect; wrong; amiss; abnormal; queer,2
不够,,bù gòu,not enough; insufficient; inadequate,2
不过,,bù guò,only; merely; no more than; but; however; anyway (to get back to a previous topic); cannot be more (after adjectival),2
不好意思,,bù hǎo yì si,to feel embarrassed; to find it embarrassing; to be sorry (for inconveniencing sb),2
不久,,bù jiǔ,not long (after); before too long; soon; soon after,2
不客气,,bù kè qi,you're welcome; don't mention it; impolite; rude; blunt,2
不满,,bù mǎn,resentful; discontented; dissatisfied,2
不如,,bù rú,not equal to; not as good as; inferior to; it would be better to,2
不少,,bù shǎo,many; a lot; not few,2
不太,,bù tài,Not too,2
不同,,bù tóng,different; distinct; not the same; not alike,2
不行,,bù xíng,won't do; be out of the question; be no good; not work; not be capable,2
不要,,bù yào,don't!; must not,2
不一定,,bù yī dìng,not necessarily; maybe,2
不一会儿,,bù yīhuǐr5,Take a short while,2
不用,,bù yòng,need not,2
部分,,bù fen,part; share; section; piece,2
才,,cái,ability; talent; sb of a certain type; a capable individual; then and only then; just now; (before an expression of quantity) only,2
菜,,cài,dish (type of food); vegetable; cuisine; (coll.) (one's) type; (of one's skills etc) weak; poor,2
菜单,,cài dān,menu,2
参观,,cān guān,to look around; to tour; to visit,2
参加,,cān jiā,to participate; to take part; to join,2
草,,cǎo,variant of 草,2
草地,,cǎo dì,lawn; meadow; sod; turf,2
层,,céng,to pile on top of one another; layer; stratum; floor (of a building); story; (math.) sheaf; classifier for layers,2
查,,Zhā,surname Zha,2
茶,,chá,tea; tea plant,2
差,,chā,difference; discrepancy; (math.) difference (amount remaining after a subtraction); (literary) a little; somewhat; slightly,2
差不多,,chà bu duō,almost; nearly; more or less; about the same; good enough; not bad,2
常,,Cháng,surname Chang,2
常常,,cháng cháng,frequently; often,2
常见,,cháng jiàn,commonly seen; common; to see sth frequently,2
常用,,cháng yòng,in common usage,2
场,,cháng,"threshing floor; classifier for events and happenings: spell, episode, bout",2
唱,,chàng,to sing; to call loudly; to chant,2
唱歌,,chàng gē,to sing a song,2
超过,,chāo guò,to surpass; to exceed; to outstrip,2
超市,,chāo shì,supermarket (abbr. for 超级市场),2
车,,Chē,surname Che,2
车辆,,chē liàng,vehicle,2
车票,,chē piào,ticket (for a bus or train),2
车上,,chē shàng,Car,2
车站,,chē zhàn,rail station; bus stop,2
称,,chèn,to fit; balanced; suitable,2
成,,Chéng,surname Cheng,2
成绩,,chéng jì,achievement; performance records; grades,2
成为,,chéng wéi,to become; to turn into,2
吃,,chī,"to eat; to consume; to eat at (a cafeteria etc); to eradicate; to destroy; to absorb; to suffer (shock, injury, defeat etc)",2
吃饭,,chī fàn,to have a meal; to eat; to make a living,2
出,,chū,"to go out; to come out; to occur; to produce; to go beyond; to rise; to put forth; to happen; (used after a verb to indicate an outward direction or a positive result); classifier for dramas, plays, operas etc",2
出发,,chū fā,to set off; to start (on a journey),2
出国,,chū guó,to go abroad; to leave the country,2
出口,,chū kǒu,an exit; to speak; to export; (of a ship) to leave port,2
出来,,chū lái,to come out; to appear; to arise,2
出门,,chū mén,to go out; to leave home; to go on a journey; away from home; (of a woman) to get married,2
出去,,chū qù,to go out,2
出生,,chū shēng,to be born,2
出现,,chū xiàn,to appear; to arise; to emerge; to show up,2
出院,,chū yuàn,to leave hospital; to be discharged from hospital,2
出租,,chū zū,to rent,2
出租车,,chū zū chē,taxi; (Tw) rental car,2
穿,,chuān,to wear; to put on; to dress; to bore through; to pierce; to perforate; to penetrate; to pass through; to thread,2
船,,chuán,variant of 船,2
床,,chuáng,bed; couch; classifier for beds,2
吹,,chuī,to blow; to play a wind instrument; to blast; to puff; to boast; to brag; to end in failure; to fall through,2
春节,,Chūn jié,Spring Festival (Chinese New Year),2
春天,,chūn tiān,spring (season),2
词,,cí,old variant of 词,2
词典,,cí diǎn,dictionary; also written 辞典,2
词语,,cí yǔ,word (general term including monosyllables through to short phrases); term (e.g. technical term); expression,2
次,,cì,"next in sequence; second; the second (day, time etc); secondary; vice-; sub-; infra-; inferior quality; substandard; order; sequence; hypo- (chemistry); classifier for enumerated events: time",2
从,,cóng,variant of 从,2
从小,,cóng xiǎo,from childhood; from a young age,2
错,,Cuò,surname Cuo,2
答应,,dā ying,to answer; to respond; to answer positively; to agree; to accept; to promise,2
打,,dá,dozen (loanword),2
打车,,dǎ chē,to take a taxi (in town); to hitch a lift,2
打电话,,dǎ diàn huà,to make a telephone call,2
打工,,dǎ gōng,"to work a temporary or casual job; (of students) to have a job outside of class time, or during vacation",2
打开,,dǎ kāi,to open; to show (a ticket); to turn on; to switch on,2
打球,,dǎ qiú,to play ball; to play with a ball,2
打算,,dǎ suàn,to plan; to intend; to calculate; plan; intention; calculation,2
打印,,dǎ yìn,to affix a seal; to stamp; to print out (with a printer),2
大,,dà,big; large; great; older (than another person); eldest (as in 姐); greatly; freely; fully; (dialect) father; (dialect) uncle (father's brother),2
大部分,,dà bù fen,in large part; the greater part; the majority,2
大大,,dà dà,greatly; enormously; (dialect) dad; uncle,2
大多数,,dà duō shù,(great) majority,2
大海,,dà hǎi,sea; ocean,2
大家,,dà jiā,everyone; influential family; great expert,2
大量,,dà liàng,great amount; large quantity; bulk; numerous; generous; magnanimous,2
大门,,Dà mén,"the Doors, US rock band",2
大人,,dà ren,adult; grownup; title of respect toward superiors,2
大声,,dà shēng,loud voice; in a loud voice; loudly,2
大小,,dà xiǎo,dimension; magnitude; size; measurement; large and small; at any rate; adults and children; consideration of seniority,2
大学,,Dà xué,"the Great Learning, one of the Four Books 四书 in Confucianism",2
大学生,,dà xué shēng,university student; college student,2
大衣,,dà yī,overcoat; topcoat; cloak,2
大自然,,dà zì rán,nature (the natural world),2
带,,dài,band; belt; girdle; ribbon; tire; area; zone; region; to wear; to carry; to take along; to bear (i.e. to have); to lead; to bring; to look after; to raise,2
带来,,dài lái,to bring; (fig.) to bring about; to produce,2
单位,,dān wèi,"unit (of measure); unit (group of people as a whole); work unit (place of employment, esp. in the PRC prior to economic reform)",2
但,,dàn,but; yet; however; still; merely; only; just,2
但是,,dàn shì,but; however,2
蛋,,Dàn,variant of 蜑,2
当,,dāng,(onom.) dong; ding dong (bell),2
当时,,dāng shí,then; at that time; while,2
到,,dào,to reach; to arrive; to leave for; to go to; to (a place); until (a time); up to (a point); (verb complement indicating arriving at a place or reaching a point); considerate; thoughtful; thorough,2
到处,,dào chù,everywhere,2
倒,,dǎo,to fall; to collapse; to lie horizontally; to fail; to go bankrupt; to overthrow; to change (trains or buses); to move around; to resell at a profit,2
道,,dào,"road; path; principle; truth; morality; reason; skill; method; Dao (of Daoism); to say; to speak; to talk; classifier for long thin things (rivers, cracks etc), barriers (walls, doors etc), questions (in an exam etc), commands, courses in a meal, steps in a process; (old) circuit (administrative division)",2
道理,,dào li,reason; argument; sense; principle; basis; justification,2
道路,,dào lù,road; path; way,2
地,,de,"-ly; structural particle: used before a verb or adjective, linking it to preceding modifying adverbial adjunct",2
地点,,dì diǎn,place; site; location; venue,2
地方,,dì fāng,region; regional (away from the central administration); local,2
地球,,dì qiú,the earth,2
地上,,dì shang,on the ground; on the floor,2
地铁,,dì tiě,underground railway; subway; subway train,2
地铁站,,dì tiě zhàn,subway station,2
地图,,dì tú,map,2
的,,de,of; ~'s (possessive particle); (used after an attribute); (used to form a nominal expression); (used at the end of a declarative sentence for emphasis); also pr. [dì] or [di] in poetry and songs,2
的话,,de huà,if (coming after a conditional clause),2
得,,dé,to obtain; to get; to gain; to catch (a disease); proper; suitable; proud; contented; to allow; to permit; ready; finished,2
得出,,dé chū,to obtain (a result); to arrive at (a conclusion),2
得到,,dé dào,to get; to obtain; to receive,2
灯,,dēng,lamp; light; lantern,2
等,,děng,class; rank; grade; equal to; same as; to wait for; to await; et cetera; and so on; et al. (and other authors); after; as soon as; once,2
等到,,děng dào,to wait until; by the time when (sth is ready etc),2
等于,,děng yú,to equal; to be tantamount to,2
低,,dī,low; beneath; to lower (one's head); to let droop; to hang down; to incline,2
弟,,dì,younger brother; junior male; I (modest word in letter),2
弟弟,,dì di,younger brother,2
第,,dì,"(prefix indicating ordinal number, as in 六 ""sixth""); (literary) grades in which successful candidates in the imperial examinations were placed; (old) residence of a high official; (literary) but; however; (literary) only; just",2
第二,,dì èr,second; number two; next; secondary,2
点,,diǎn,point; dot; drop; speck; o'clock; point (in space or time); to draw a dot; to check on a list; to choose; to order (food in a restaurant); to touch briefly; to hint; to light; to ignite; to pour a liquid drop by drop; (old) one fifth of a two-hour watch 更; dot stroke in Chinese characters; classifier for items,2
点头,,diǎn tóu,to nod,2
电,,diàn,lightning; electricity; electric (bound form); to get (or give) an electric shock; phone call or telegram etc; to send via telephone or telegram etc,2
电话,,diàn huà,telephone; phone call; phone number,2
电脑,,diàn nǎo,computer,2
电视,,diàn shì,television; TV,2
电视机,,diàn shì jī,television set,2
电影,,diàn yǐng,movie; film,2
电影院,,diàn yǐng yuàn,cinema; movie theater,2
店,,diàn,inn; old-style hotel; (bound form) shop; store,2
掉,,diào,"to fall; to drop; to lag behind; to lose; to go missing; to reduce; fall (in prices); to lose (value, weight etc); to wag; to swing; to turn; to change; to exchange; to swap; to show off; to shed (hair); (used after certain verbs to express completion, fulfillment, removal etc)",2
东,,Dōng,surname Dong,2
东北,,Dōng běi,Northeast China; Manchuria,2
东边,,dōng bian,east; east side; eastern part; to the east of,2
东方,,Dōng fāng,the East; the Orient; two-character surname Dongfang,2
东南,,dōng nán,southeast,2
东西,,dōng xī,east and west,2
冬天,,dōng tiān,winter,2
懂,,dǒng,to understand; to comprehend,2
懂得,,dǒng de,to understand; to know; to comprehend,2
动,,dòng,"(of sth) to move; to set in movement; to displace; to touch; to make use of; to stir (emotions); to alter; abbr. for 动词, verb",2
动物,,dòng wù,animal,2
动物园,,dòng wù yuán,zoo,2
动作,,dòng zuò,movement; motion; action; to act; to move,2
都,,Dū,surname Du,2
读,,dòu,comma; phrase marked by pause,2
读书,,dú shū,to read a book; to study; to attend school,2
读音,,dú yīn,pronunciation; literary (rather than colloquial) pronunciation of a Chinese character,2
度,,dù,"to pass; to spend (time); measure; limit; extent; degree of intensity; degree (angles, temperature etc); kilowatt-hour; classifier for events and occurrences",2
短,,duǎn,short; brief; to lack; weak point; fault,2
短信,,duǎn xìn,text message; SMS,2
段,,Duàn,surname Duan,2
队,,duì,squadron; team; group,2
队长,,duì zhǎng,captain; team leader,2
对,,duì,right; correct; towards; at; for; concerning; regarding; to treat (sb a certain way); to face; (bound form) opposite; facing; matching; to match together; to adjust; to fit; to suit; to answer; to reply; to add; to pour in (a fluid); to check; to compare; classifier: couple; pair,2
对不起,,duì bu qǐ,I'm sorry; excuse me; I beg your pardon; to let (sb) down; to disappoint,2
对话,,duì huà,to talk (with sb); dialogue; conversation,2
对面,,duì miàn,(sitting) opposite; across (the street); directly in front; to be face to face,2
多,,duō,many; much; too many; in excess; (after a numeral) ... odd; how (to what extent) (Taiwan pr. [duó]); (bound form) multi-; poly-,2
多久,,duō jiǔ,(of time) how long?; (not) a long time,2
多么,,duō me,how (wonderful etc); what (a great idea etc); however (difficult it may be etc); (in interrogative sentences) how (much etc); to what extent,2
多少,,duō shǎo,number; amount; somewhat,2
多数,,duō shù,majority; most,2
多云,,duō yún,cloudy (meteorology),2
饿,,è,to be hungry; hungry; to starve (sb),2
儿子,,ér zi,son,2
而且,,ér qiě,(not only ...) but also; moreover; in addition; furthermore,2
二,,èr,two; 2; (Beijing dialect) stupid,2
发,,fā,to send out; to show (one's feeling); to issue; to develop; to make a bundle of money; classifier for gunshots (rounds),2
发现,,fā xiàn,to notice; to become aware of; to discover; to find; to detect; a discovery,2
饭,,fàn,cooked rice; meal; (loanword) fan; devotee,2
饭店,,fàn diàn,restaurant; hotel,2
饭馆,,fàn guǎn,restaurant,2
方便,,fāng biàn,convenient; suitable; to facilitate; to make things easy; having money to spare; (euphemism) to relieve oneself,2
方便面,,fāng biàn miàn,instant noodles,2
方法,,fāng fǎ,method; way; means,2
方面,,fāng miàn,respect; aspect; field; side,2
方向,,fāng xiàng,direction; orientation,2
房间,,fáng jiān,room,2
房子,,fáng zi,house; building (single- or two-story); apartment; room,2
放,,fàng,to put; to place; to release; to free; to let go; to let out; to set off (fireworks),2
放假,,fàng jià,to have a holiday or vacation,2
放下,,fàng xià,to lay down; to put down; to let go of; to relinquish; to set aside; to lower (the blinds etc),2
放心,,fàng xīn,to feel relieved; to feel reassured; to be at ease,2
放学,,fàng xué,to dismiss students at the end of the school day,2
飞,,fēi,to fly,2
飞机,,fēi jī,airplane,2
非常,,fēi cháng,very; really; unusual; extraordinary,2
分,,fēn,to divide; to separate; to distribute; to allocate; to distinguish (good and bad); (bound form) branch of (an organization); sub- (as in 局); fraction; one tenth (of certain units); unit of length equivalent to 0.33 cm; minute (unit of time); minute (angular measurement unit); a point (in sports or games); 0.01 yuan (unit of money),2
分开,,fēn kāi,to separate; to part,2
分数,,fēn shù,(exam) grade; mark; score; fraction,2
分钟,,fēn zhōng,minute,2
份,,fèn,"classifier for gifts, newspaper, magazine, papers, reports, contracts etc; variant of 分",2
风,,fēng,wind; news; style; custom; manner,2
封,,Fēng,surname Feng,2
服务,,fú wù,to serve; service,2
复习,,fù xí,to review; revision,2
该,,gāi,should; ought to; probably; must be; to deserve; to owe; to be sb's turn to do sth; that; the above-mentioned,2
改,,gǎi,to change; to alter; to transform; to correct,2
改变,,gǎi biàn,to change; to alter; to transform,2
感到,,gǎn dào,to feel; to sense; to perceive,2
感动,,gǎn dòng,to move (sb); to touch (sb emotionally); moving,2
感觉,,gǎn jué,feeling; impression; sensation; to feel; to perceive,2
感谢,,gǎn xiè,(express) thanks; gratitude; grateful; thankful; thanks,2
干,,gān,old variant of 干,2
干杯,,gān bēi,to drink a toast; Cheers! (proposing a toast); Here's to you!; Bottoms up!; lit. dry cup,2
干活儿,,gàn huó r,erhua variant of 干活,2
干净,,gān jìng,clean; neat,2
干什么,,gàn shén me,what are you doing?; what's he up to?,2
刚,,gāng,hard; firm; strong; just; barely; exactly,2
刚才,,gāng cái,just now; a moment ago,2
刚刚,,gāng gang,just recently; just a moment ago,2
高,,Gāo,surname Gao,2
高级,,gāo jí,high level; high grade; advanced; high-ranking,2
高兴,,gāo xìng,happy; glad; willing (to do sth); in a cheerful mood,2
高中,,gāo zhōng,senior high school; abbr. for 高级中学,2
告诉,,gào sù,to press charges; to file a complaint,2
哥,,gē,elder brother,2
哥哥,,gē ge,older brother,2
歌,,gē,song; to sing,2
个,,gě,used in 自个儿,2
个子,,gè zi,height; stature; build; size,2
给,,gěi,to; for; for the benefit of; to give; to allow; to do sth (for sb); (grammatical equivalent of 被); (grammatical equivalent of 把); (sentence intensifier),2
跟,,gēn,heel; to follow closely; to go with; (of a woman) to marry sb; with; compared with; to; towards; and (joining two nouns),2
更,,gēng,to change or replace; to experience; one of the five two-hour periods into which the night was formerly divided; watch (e.g. of a sentry or guard),2
工人,,gōng rén,worker,2
工作,,gōng zuò,to work; (of a machine) to operate; job; work; task,2
公共汽车,,gōng gòng qì chē,bus,2
公交车,,gōng jiāo chē,public transport vehicle; town bus,2
公斤,,gōng jīn,kilogram (kg),2
公里,,gōng lǐ,kilometer,2
公路,,gōng lù,highway; road,2
公平,,gōng píng,fair; impartial,2
公司,,gōng sī,company; firm; corporation,2
公园,,gōng yuán,park (for public recreation),2
狗,,gǒu,dog,2
够,,gòu,enough (sufficient); enough (too much); (coll.) (before adj.) really; (coll.) to reach by stretching out,2
故事,,gù shì,old practice,2
故意,,gù yì,deliberately; on purpose,2
顾客,,gù kè,customer; client,2
关,,Guān,surname Guan,2
关机,,guān jī,to turn off (a machine or device); to finish shooting a film,2
关上,,guān shàng,"to close (a door); to turn off (light, electrical equipment etc)",2
关心,,guān xīn,to be concerned about; to care about,2
观点,,guān diǎn,point of view; viewpoint; standpoint,2
广场,,guǎng chǎng,public square; plaza,2
广告,,guǎng gào,to advertise; a commercial; advertisement,2
贵,,guì,expensive; noble; precious; (honorific) your,2
国,,Guó,surname Guo,2
国际,,guó jì,international,2
国家,,guó jiā,country; nation; state,2
国外,,guó wài,abroad; external (affairs); overseas; foreign,2
过,,Guō,surname Guo,2
过来,,guò lái,to come over; to manage; to handle; to be able to take care of,2
过年,,guò nián,to celebrate the Chinese New Year,2
过去,,guò qù,(in the) past; former; previous; to go over; to pass by,2
还,,Huán,surname Huan,2
还是,,hái shi,still (as before); had better; unexpectedly; or,2
还有,,hái yǒu,furthermore; in addition; still; also,2
孩子,,hái zi,child,2
海,,Hǎi,surname Hai,2
海边,,hǎi biān,coast; seaside; seashore; beach,2
喊,,hǎn,to yell; to shout; to call out for (a person),2
汉语,,Hàn yǔ,Chinese language,2
汉字,,hàn zì,Chinese character; Japanese: kanji; Korean: hanja; Vietnamese: hán tự,2
好,,hǎo,good; appropriate; proper; all right!; (before a verb) easy to; (before a verb) good to; (before an adjective for exclamatory effect) so; (verb complement indicating completion); (of two people) close; on intimate terms; (after a personal pronoun) hello,2
好吃,,hǎo chī,tasty; delicious,2
好处,,hǎo chǔ,easy to get along with,2
好多,,hǎo duō,many; quite a lot; much better,2
好久,,hǎo jiǔ,quite a while,2
好看,,hǎo kàn,"good-looking; nice-looking; good (of a movie, book, TV show etc); embarrassed; humiliated",2
好人,,hǎo rén,"good person; healthy person; person who tries not to offend anyone, even at the expense of principle",2
好事,,hǎo shì,"good action, deed, thing or work (also sarcastic, ""a fine thing indeed""); charity; happy occasion; Daoist or Buddhist ceremony for the souls of the dead",2
好听,,hǎo tīng,pleasant to hear,2
好玩儿,,hǎo wán r,erhua variant of 玩,2
好像,,hǎo xiàng,as if; to seem like,2
号,,háo,roar; cry,2
喝,,hē,to drink; variant of 嗬,2
合适,,hé shì,suitable; fitting; appropriate,2
和,,hé,old variant of 和,2
河,,hé,river,2
黑,,Hēi,abbr. for Heilongjiang province 黑龙江,2
黑板,,hēi bǎn,blackboard,2
黑色,,hēi sè,black,2
很,,hěn,(adverb of degree); quite; very; awfully,2
红,,Hóng,surname Hong,2
红色,,hóng sè,red (color); revolutionary,2
后,,Hòu,surname Hou,2
后边,,hòu bian,the back; the rear; the last bit; behind; near the end; at the back; later; afterwards,2
后来,,hòu lái,afterwards; later; newly arrived,2
后天,,hòu tiān,"the day after tomorrow; life after birth (the period in which one develops through experiences, contrasted with 天); acquired (not innate or congenital); a posteriori",2
忽然,,hū rán,suddenly; all of a sudden,2
湖,,hú,lake,2
护照,,hù zhào,passport,2
花,,Huā,surname Hua,2
花园,,huā yuán,garden,2
画,,huà,to draw; to paint; picture; painting; to draw (a line) (variant of 划); stroke of a Chinese character (variant of 划); (calligraphy) horizontal stroke (variant of 划),2
画儿,,huà r,picture; drawing; painting,2
画家,,huà jiā,painter,2
话,,huà,dialect; language; spoken words; speech; talk; words; conversation; what sb said,2
坏,,huài,bad; spoiled; broken; to break down; (suffix) to the utmost,2
坏处,,huài chu,harm; troubles,2
坏人,,huài rén,bad person; villain,2
换,,huàn,to exchange; to change (clothes etc); to substitute; to switch; to convert (currency),2
欢迎,,huān yíng,to welcome; welcome,2
黄,,Huáng,surname Huang or Hwang,2
黄色,,huáng sè,yellow (color); pornographic,2
回,,huí,to circle; to go back; to turn around; to answer; to return; to revolve; Hui ethnic group (Chinese Muslims); time; classifier for acts of a play; section or chapter (of a classic book),2
回答,,huí dá,to reply; to answer; reply; answer,2
回到,,huí dào,to return to,2
回国,,huí guó,to return to one's home country,2
回家,,huí jiā,to return home,2
回来,,huí lai,to return; to come back,2
回去,,huí qu,to return; to go back,2
会,,huì,can; to have the skill; to know how to; to be likely to; to be sure to; to meet; to get together; meeting; gathering; (suffix) union; group; association; (bound form) a moment (Taiwan pr. [huǐ]),2
活动,,huó dòng,to exercise; to move about; to operate; to use connections (personal influence); loose; shaky; active; movable; activity; campaign; maneuver; behavior,2
火车,,huǒ chē,train,2
或,,huò,maybe; perhaps; might; possibly; or,2
或者,,huò zhě,or; possibly; maybe; perhaps,2
机场,,jī chǎng,airport; airfield; (slang) service provider for Shadowsocks or similar software for circumventing Internet censorship,2
机会,,jī huì,opportunity; chance; occasion,2
机票,,jī piào,air ticket; passenger ticket,2
鸡,,jī,fowl; chicken; (slang) prostitute,2
鸡蛋,,jī dàn,(chicken) egg; hen's egg,2
级,,jí,"level; grade; rank; step (of stairs); classifier: step, level",2
急,,jí,urgent; pressing; rapid; hurried; worried; to make (sb) anxious,2
几,,jī,small table,2
计划,,jì huà,plan; project; program; to plan; to map out,2
计算机,,jì suàn jī,computer; (Tw) calculator,2
记,,jì,"to record; to note; to memorize; to remember; mark; sign; classifier for blows, kicks, shots",2
记得,,jì de,to remember,2
记住,,jì zhu,to remember; to bear in mind; to learn by heart,2
加,,Jiā,Canada (abbr. for 大); surname Jia,2
加油,,jiā yóu,to add oil; to top up with gas; to refuel; to accelerate; to step on the gas; (fig.) to make an extra effort; to cheer sb on,2
家,,jiā,used in 家伙 and 家俱,2
家里,,jiā lǐ,home,2
家人,,jiā rén,family member; (old) servant,2
家庭,,jiā tíng,family; household,2
家长,,jiā zhǎng,head of a household; family head; patriarch; parent or guardian of a child,2
假,,gēi,used in 掰,2
假期,,jià qī,vacation,2
间,,jiān,between; among; within a definite time or space; room; section of a room or lateral space between two pairs of pillars; classifier for rooms,2
检查,,jiǎn chá,inspection; to examine; to inspect,2
见,,jiàn,to see; to meet; to appear (to be sth); to interview; opinion; view,2
见到,,jiàn dào,to see,2
见过,,jiànguò,seen,2
见面,,jiàn miàn,to meet; to see each other,2
件,,jiàn,"item; component; classifier for events, things, clothes etc",2
健康,,jiàn kāng,health; healthy,2
讲,,jiǎng,to speak; to explain; to negotiate; to emphasize; to be particular about; as far as sth is concerned; speech; lecture,2
讲话,,jiǎng huà,a speech; to speak; to talk; to address,2
交,,jiāo,to hand over; to deliver; to pay (money); to turn over; to make friends; to intersect (lines); variant of 跤,2
交给,,jiāo gěi,to give; to deliver; to hand over,2
交朋友,,jiāo péng you,to make friends; (dialect) to start an affair with sb,2
交通,,jiāo tōng,to be connected; traffic; transportation; communications; liaison,2
角,,Jué,surname Jue,2
角度,,jiǎo dù,angle; point of view,2
饺子,,jiǎo zi,dumpling; pot-sticker,2
脚,,jiǎo,foot; leg (of an animal or an object); base (of an object); classifier for kicks,2
叫,,jiào,to shout; to call; to order; to ask; to be called; by (indicates agent in the passive mood),2
叫作,,jiào zuò,to call; to be called,2
教,,Jiào,surname Jiao,2
教师,,jiào shī,teacher,2
教室,,jiào shì,classroom,2
教学,,jiāo xué,to teach (as a professor),2
教学楼,,jiào xué lóu,teaching block; school building,2
教育,,jiào yù,to educate; to teach; education,2
接,,jiē,to receive; to answer (the phone); to meet or welcome sb; to connect; to catch; to join; to extend; to take one's turn on duty; to take over for sb,2
接到,,jiē dào,to receive (letter etc),2
接受,,jiē shòu,to accept; to receive,2
接下来,,jiē xià lái,to accept; to take; next; following,2
接着,,jiē zhe,to catch and hold on; to continue; to go on to do sth; to follow; to carry on; then; after that; subsequently; to proceed; to ensue; in turn; in one's turn,2
街,,jiē,street,2
节,,jiē,see 节骨眼,2
节目,,jié mù,program; item (on a program),2
节日,,jié rì,holiday; festival,2
结果,,jiē guǒ,to bear fruit,2
介绍,,jiè shào,to introduce (sb to sb); to give a presentation; to present (sb for a job etc); introduction,2
借,,jiè,to lend; to borrow; by means of; to take (an opportunity),2
姐,,jiě,older sister,2
姐姐,,jiě jie,older sister,2
今后,,jīn hòu,hereafter; henceforth; in the future; from now on,2
今年,,jīn nián,this year,2
今天,,jīn tiān,today; at the present; now,2
斤,,jīn,"catty; (PRC) weight equal to 500 g; (Tw) weight equal to 600 g; (HK, Malaysia, Singapore) slightly over 604 g",2
近,,jìn,near; close to; approximately,2
进,,jìn,to go forward; to advance; to go in; to enter; to put in; to submit; to take in; to admit; (math.) base of a number system; classifier for sections in a building or residential compound,2
进来,,jìn lái,to come in,2
进去,,jìn qù,to go in,2
进入,,jìn rù,to enter; to join; to go into,2
进行,,jìn xíng,to advance; to conduct; underway; in progress; to do; to carry out; to carry on; to execute,2
经常,,jīng cháng,frequently; constantly; regularly; often; day-to-day; everyday; daily,2
经过,,jīng guò,to pass; to go through; process; course,2
经理,,jīng lǐ,manager; director,2
九,,jiǔ,nine; 9,2
酒,,jiǔ,wine (esp. rice wine); liquor; spirits; alcoholic beverage,2
酒店,,jiǔ diàn,wine shop; pub (public house); hotel; restaurant; (Tw) hostess club,2
就,,jiù,(after a suppositional clause) in that case; then; (after a clause of action) as soon as; immediately after; (same as 是) merely; nothing else but; simply; just; precisely; exactly; only; as little as; as much as; as many as; to approach; to move towards; to undertake; to engage in; (often followed by 着) taking advantage of; (of food) to go with; with regard to; concerning; (pattern: 就 ... 也 ...) even if ... still ...; (pattern: 不 ... 就 ...) if not ... then must be ...,2
就要,,jiù yào,will; shall; to be going to,2
举,,jǔ,variant of 举,2
举手,,jǔ shǒu,to raise a hand; to put up one's hand (as signal),2
举行,,jǔ xíng,"to hold (a meeting, ceremony etc)",2
句,,gōu,variant of 勾,2
句子,,jù zi,sentence,2
觉得,,jué de,to think that ...; to feel that ...; to feel (uncomfortable etc),2
卡,,kǎ,"to stop; to block; (computing) (coll.) slow; (loanword) card; truck (from ""car""); calorie (abbr. for 里); cassette",2
开,,kāi,"to open (transitive or intransitive); (of ships, vehicles, troops etc) to start; to turn on; to put in operation; to operate; to run; to boil; to write out (a prescription, check, invoice etc); (directional complement) away; off; carat (gold); abbr. for Kelvin, 开尔文; abbr. for 开本, book format",2
开车,,kāi chē,to drive a car,2
开会,,kāi huì,to hold a meeting; to attend a meeting,2
开机,,kāi jī,to start an engine; to boot up (a computer); to press Ctrl-Alt-Delete; to begin shooting a film or TV show,2
开玩笑,,kāi wán xiào,to play a joke; to make fun of; to joke,2
开心,,kāi xīn,to feel happy; to rejoice; to have a great time; to make fun of sb,2
开学,,kāi xué,foundation of a University or College; school opening; the start of a new term,2
看,,kān,to look after; to take care of; to watch; to guard,2
看病,,kàn bìng,to visit a doctor; to see a patient,2
看到,,kàn dào,to see,2
看法,,kàn fǎ,way of looking at a thing; view; opinion,2
看见,,kàn jiàn,to see; to catch sight of,2
考,,kǎo,to beat; to hit; variant of 考; to inspect; to test; to take an exam,2
考生,,kǎo shēng,exam candidate; student whose name has been put forward for an exam,2
考试,,kǎo shì,to take an exam; exam,2
靠,,kào,to lean against or on; to stand by the side of; to come near to; to depend on; to trust; to fuck (vulgar); traditional military costume drama where the performers wear armor (old),2
科,,kē,branch of study; administrative section; division; field; branch; stage directions; family (taxonomy); rules; laws; to mete out (punishment); to levy (taxes etc); to fine sb,2
科学,,kē xué,science; scientific knowledge; scientific; rational,2
科学家,,kē xué jiā,scientist,2
可爱,,kě ài,adorable; cute; lovely,2
可能,,kě néng,might (happen); possible; probable; possibility; probability; maybe; perhaps,2
可怕,,kě pà,awful; dreadful; fearful; formidable; frightful; scary; hideous; horrible; terrible; terribly,2
可是,,kě shì,but; however; (used for emphasis) indeed,2
可以,,kě yǐ,can; may; possible; able to; not bad; pretty good,2
渴,,kě,thirsty,2
克,,Kè,"abbr. for 克罗地亚, Croatia; (Tw) abbr. for 克罗埃西亚, Croatia",2
刻,,kè,quarter (hour); moment; to carve; to engrave; to cut; oppressive; classifier for short time intervals,2
客人,,kè rén,visitor; guest; customer; client,2
课,,kè,subject; course; class; lesson; to levy; tax; form of divination,2
课本,,kè běn,textbook,2
课堂,,kè táng,classroom,2
课文,,kè wén,text,2
空气,,kōng qì,air; atmosphere,2
口,,kǒu,"mouth; classifier for things with mouths (people, domestic animals, cannons, wells etc); classifier for bites or mouthfuls",2
哭,,kū,to cry; to weep,2
块,,kuài,"lump; chunk; piece; classifier for pieces of cloth, cake, soap etc; (coll.) classifier for money and currency units",2
快,,kuài,rapid; quick; speed; rate; soon; almost; to make haste; clever; sharp (of knives or wits); forthright; plainspoken; gratified; pleased; pleasant,2
快餐,,kuài cān,fast food; snack; quick meal,2
快点儿,,kuài diǎn r,erhua variant of 快点,2
快乐,,kuài lè,happy; joyful,2
快要,,kuài yào,nearly at the point of (doing sth); about to (do sth),2
筷子,,kuài zi,chopsticks,2
拉,,lā,to pull; to play (a bowed instrument); to drag; to draw; to chat; (coll.) to empty one's bowels,2
来,,lái,"to come; (used as a substitute for a more specific verb); hither (directional complement for motion toward the speaker, as in 回来); ever since (as in 自古以来); for the past (amount of time); (prefix) the coming ...; the next ... (as in 来世); (between two verbs) in order to; (after a round number) approximately; (used after 得 to indicate possibility, as in 谈得来, or after 不 to indicate impossibility, as in 吃不来)",2
来到,,lái dào,to arrive; to come,2
来自,,lái zì,to come from (a place); From: (in email header),2
蓝,,Lán,surname Lan,2
蓝色,,lán sè,blue (color),2
篮球,,lán qiú,basketball,2
老,,lǎo,prefix used before the surname of a person or a numeral indicating the order of birth of the children in a family or to indicate affection or familiarity; old (of people); venerable (person); experienced; of long standing; always; all the time; of the past; very; outdated; (of meat etc) tough,2
老年,,lǎo nián,elderly; old age; autumn of one's years,2
老朋友,,lǎo péng you,old friend; (slang) period; menstruation,2
老人,,lǎo rén,old man or woman; the elderly; one's aged parents or grandparents,2
老师,,lǎo shī,teacher,2
老是,,lǎo shi,always,2
了,,le,"(completed action marker); (modal particle indicating change of state, situation now); (modal particle intensifying preceding clause)",2
累,,lěi,to accumulate; to involve or implicate (Taiwan pr. [lèi]); continuous; repeated,2
冷,,Lěng,surname Leng,2
离,,chī,mythical beast (archaic),2
离开,,lí kāi,to depart; to leave,2
礼物,,lǐ wù,gift; present,2
里,,lǐ,variant of 里,2
里边,,lǐ bian,inside,2
里头,,lǐ tou,inside; interior,2
理想,,lǐ xiǎng,an ideal; a dream; ideal; perfect,2
例如,,lì rú,for example; for instance; such as,2
例子,,lì zi,case; (for) instance; example,2
脸,,liǎn,face,2
练,,liàn,to practice; to train; to drill; to perfect (one's skill); exercise; (literary) white silk; to boil and scour raw silk,2
练习,,liàn xí,to practice; exercise; drill; practice,2
凉,,Liáng,"the five Liang of the Sixteen Kingdoms, namely: Former Liang 前凉 (314-376), Later Liang 后凉 (386-403), Northern Liang 北凉 (398-439), Southern Liang 南凉 (397-414), Western Liang 西凉 (400-421)",2
凉快,,liáng kuai,nice and cold; pleasantly cool,2
两,,liǎng,"two; both; some; a few; tael, unit of weight equal to 50 grams (modern) or 1⁄16 of a catty 斤 (old)",2
亮,,liàng,bright; clear; resonant; to shine; to show; to reveal,2
辆,,liàng,classifier for vehicles,2
零,,líng,zero; nought; zero sign; fractional; fragmentary; odd (of numbers); (placed between two numbers to indicate a smaller quantity followed by a larger one); fraction; (in mathematics) remainder (after division); extra; to wither and fall; to wither,2
零下,,líng xià,below zero,2
流,,liú,"to flow; to disseminate; to circulate or spread; to move or drift; to degenerate; to banish or send into exile; stream of water or sth resembling one; class, rate or grade",2
流利,,liú lì,fluent,2
流行,,liú xíng,"(of a contagious disease etc) to spread; to propagate; (of a style of clothing, song etc) popular; fashionable",2
留,,liú,old variant of 留,2
留下,,liú xià,to leave behind; to stay behind; to remain; to keep; not to let (sb) go,2
留学生,,liú xué shēng,student studying abroad; (foreign) exchange student,2
六,,liù,six; 6,2
楼,,Lóu,surname Lou,2
楼上,,lóu shàng,upstairs; (Internet slang) previous poster in a forum thread,2
楼下,,lóu xià,downstairs,2
路,,Lù,surname Lu,2
路边,,lù biān,curb; roadside; wayside,2
路口,,lù kǒu,crossing; intersection (of roads),2
路上,,lù shang,on the road; on a journey; road surface,2
旅客,,lu:3 kè,traveler; tourist,2
旅行,,lu:3 xíng,to travel; journey; trip,2
旅游,,lu:3 yóu,trip; journey; tourism; travel; tour; to travel,2
绿,,lu:4,green; (slang) (derived from 绿帽子) to cheat on (one's spouse or boyfriend or girlfriend),2
绿色,,lu:4 sè,green,2
妈,,mā,ma; mom; mother,2
妈妈,,mā ma,mama; mommy; mother,2
马路,,mǎ lù,street; road,2
马上,,mǎ shàng,at once; right away; immediately; on horseback (i.e. by military force),2
吗,,má,(coll.) what?,2
买,,mǎi,to buy; to purchase,2
卖,,mài,to sell; to betray; to spare no effort; to show off or flaunt,2
满,,Mǎn,Manchu ethnic group,2
满意,,mǎn yì,satisfied; pleased; to one's satisfaction,2
慢,,màn,slow,2
忙,,máng,busy; hurriedly; to hurry; to rush,2
猫,,māo,cat; (dialect) to hide oneself; (coll.) modem,2
毛,,Máo,surname Mao,2
没,,méi,(negative prefix for verbs) have not; not,2
没关系,,méi guān xi,it doesn't matter,2
没什么,,méi shén me,nothing; it doesn't matter; it's nothing; never mind,2
没事儿,,méi shì r,to have spare time; free from work; it's not important; it's nothing; never mind,2
没有,,méi yǒu,haven't; hasn't; doesn't exist; to not have; to not be,2
妹,,mèi,younger sister,2
妹妹,,mèi mei,younger sister; young woman,2
门,,Mén,surname Men,2
门口,,mén kǒu,doorway; gate,2
门票,,mén piào,"ticket (for theater, cinema etc)",2
们,,men,"plural marker for pronouns, and nouns referring to individuals",2
米,,Mǐ,surname Mi,2
米饭,,mǐ fàn,(cooked) rice,2
面,,miàn,"face; side; surface; aspect; top; classifier for objects with flat surfaces such as drums, mirrors, flags etc",2
面包,,miàn bāo,bread,2
面前,,miàn qián,in front of; facing; (in the) presence (of),2
面条儿,,miàn tiáo r,erhua variant of 面条,2
名,,míng,name; noun (part of speech); place (e.g. among winners); famous; classifier for people,2
名称,,míng chēng,name (of a thing); name (of an organization),2
名单,,míng dān,list of names,2
名字,,míng zi,name (of a person or thing),2
明白,,míng bai,clear; obvious; unequivocal; to understand; to realize,2
明年,,míng nián,next year,2
明天,,míng tiān,tomorrow,2
明星,,míng xīng,star; celebrity,2
目的,,mù dì,purpose; aim; goal; target; objective,2
拿,,ná,old variant of 拿,2
拿出,,ná chū,to take out; to put out; to provide; to put forward (a proposal); to come up with (evidence),2
拿到,,ná dào,to get; to obtain,2
哪,,nǎ,how; which,2
哪儿,,nǎ r,where?; wherever; anywhere; somewhere; (used in rhetorical questions) how can ...?; how could ...?,2
哪里,,nǎ lǐ,where?; somewhere; anywhere; wherever; nowhere (negative answer to question); humble expression denying compliment; also written 哪里,2
哪些,,nǎ xiē,which ones?; who?; what?,2
那,,Nā,surname Na,2
那边,,nà bian,over there; yonder,2
那儿,,nà r,there,2
那会儿,,nà huì r,at that time (in the past or the future); also pr. [nèi huì r],2
那里,,nà li,there; that place,2
那么,,nà me,like that; in that way; or so; so; so very much; about; in that case,2
那时,,nà shí,then; at that time; in those days,2
那时候,,nà shí hou,at that time,2
那些,,nà xiē,those,2
那样,,nà yàng,that kind; that sort,2
奶,,nǎi,breast; milk; to breastfeed,2
奶奶,,nǎi nai,(informal) grandma (paternal grandmother); (respectful) mistress of the house; (coll.) boobies; breasts,2
男,,nán,"male; Baron, lowest of five orders of nobility 位",2
男孩儿,,nán hái r,erhua variant of 孩,2
男朋友,,nán péng you,boyfriend,2
男人,,nán rén,a man; a male; men,2
男生,,nán shēng,schoolboy; male student; boy; guy (young adult male),2
南,,Nán,surname Nan,2
南边,,nán bian,south; south side; southern part; to the south of,2
南方,,nán fāng,south; the southern part of the country; the South,2
难,,nán,difficult (to...); problem; difficulty; difficult; not good,2
难过,,nán guò,to feel sad; to feel unwell; (of life) to be difficult,2
难看,,nán kàn,ugly; unsightly,2
难受,,nán shòu,to feel unwell; to suffer pain; to be difficult to bear,2
难题,,nán tí,difficult problem,2
难听,,nán tīng,unpleasant to hear; coarse; vulgar; offensive; shameful,2
呢,,ne,"particle indicating that a previously asked question is to be applied to the preceding word (""What about ...?"", ""And ...?""); particle for inquiring about location (""Where is ...?""); particle signaling a pause, to emphasize the preceding words and allow the listener time to take them on board (""ok?"", ""are you with me?""); (at the end of a declarative sentence) particle indicating continuation of a state or action; particle indicating strong affirmation",2
能,,Néng,surname Neng,2
能够,,néng gòu,to be capable of; to be able to; can,2
你,,nǐ,"you (informal, as opposed to courteous 您)",2
你们,,nǐ men,you (plural),2
年,,Nián,surname Nian,2
年级,,nián jí,"grade; year (in school, college etc)",2
年轻,,nián qīng,young,2
鸟,,diǎo,variant of 屌; penis,2
您,,nín,"you (courteous, as opposed to informal 你)",2
牛奶,,niú nǎi,cow's milk,2
弄,,lòng,lane; alley,2
努力,,nǔ lì,to make an effort; to try hard; to strive; hard-working; conscientious,2
女,,nu:3,female; woman; daughter,2
女儿,,nu:3 ér,daughter,2
女孩儿,,nu:3 hái r,erhua variant of 孩,2
女朋友,,nu:3 péng you,girlfriend,2
女人,,nu:3 rén,woman,2
女生,,nu:3 shēng,schoolgirl; female student; girl,2
爬,,pá,to crawl; to climb; to get up or sit up,2
爬山,,pá shān,to climb a mountain; to mountaineer; hiking; mountaineering,2
怕,,Pà,surname Pa,2
排,,pái,"a row; a line; to set in order; to arrange; to line up; to eliminate; to drain; to push open; platoon; raft; classifier for lines, rows etc",2
排队,,pái duì,to line up,2
排球,,pái qiú,volleyball,2
旁边,,páng biān,side; adjacent place,2
跑,,páo,(of an animal) to paw (the ground),2
朋友,,péng you,friend,2
碰,,pèng,variant of 碰,2
碰到,,pèng dào,to come across; to run into; to meet; to hit,2
碰见,,pèng jiàn,to run into; to meet (unexpectedly); to bump into,2
篇,,piān,"sheet; piece of writing; bound set of bamboo slips used for record keeping (old); classifier for written items: chapter, article",2
片,,piān,disk; sheet,2
票,,piào,"ticket; ballot; banknote; person held for ransom; amateur performance of Chinese opera; classifier for groups, batches, business transactions",2
漂亮,,piào liang,pretty; beautiful,2
平,,Píng,surname Ping,2
平安,,píng ān,safe and sound; well; without mishap; quiet and safe; at peace,2
平常,,píng cháng,ordinary; common; usually; ordinarily,2
平等,,píng děng,equal; equality,2
平时,,píng shí,ordinarily; in normal times; in peacetime,2
瓶,,píng,bottle; vase; pitcher; classifier for wine and liquids,2
瓶子,,píng zi,bottle,2
普通,,pǔ tōng,common; ordinary; general; average,2
普通话,,pǔ tōng huà,Mandarin (common language); Putonghua (common speech of the Chinese language); ordinary speech,2
七,,qī,seven; 7,2
其他,,qí tā,other; (sth or sb) else; the rest,2
其中,,qí zhōng,among; in; included among these,2
骑,,jì,(Tw) saddle horse; mounted soldier,2
骑车,,qí chē,to ride a bike (motorbike or bicycle),2
起,,qǐ,"to rise; to raise; to get up; to set out; to start; to appear; to launch; to initiate (action); to draft; to establish; to get (from a depot or counter); verb suffix, to start; starting from (a time, place, price etc); classifier for occurrences or unpredictable events: case, instance; classifier for groups: batch, group",2
起床,,qǐ chuáng,to get out of bed; to get up,2
起飞,,qǐ fēi,(of an aircraft) to take off,2
起来,,qǐ lai,to stand up; to get up; also pr. [qǐ lái],2
气,,qì,gas; air; smell; weather; to make angry; to annoy; to get angry; vital energy; qi,2
气温,,qì wēn,air temperature,2
汽车,,qì chē,car; automobile; bus,2
千,,qiān,thousand,2
千克,,qiān kè,kilogram,2
前,,qián,front; forward; ahead; first; top (followed by a number); future; ago; before; BC (e.g. 前293年); former; formerly,2
前边,,qián bian,front; the front side; in front of,2
前年,,qián nián,the year before last,2
前天,,qián tiān,the day before yesterday,2
钱,,Qián,surname Qian,2
钱包,,qián bāo,purse; wallet,2
墙,,qiáng,"variant of 墙, wall",2
青年,,qīng nián,youth; youthful years; young person; the young,2
青少年,,qīng shào nián,adolescent; youth; teenager,2
轻,,qīng,light; easy; gentle; soft; reckless; unimportant; frivolous; small in number; unstressed; neutral; to disparage,2
清楚,,qīng chu,clear; distinct; to understand thoroughly; to be clear about,2
晴,,qíng,clear; fine (weather),2
晴天,,qíng tiān,clear sky; sunny day,2
请,,qǐng,to ask; to invite; please (do sth); to treat (to a meal etc); to request,2
请假,,qǐng jià,to request leave of absence,2
请进,,qǐng jìn,"""please come in""",2
请客,,qǐng kè,to give a dinner party; to entertain guests; to invite to dinner,2
请求,,qǐng qiú,to request; to ask; request,2
请问,,qǐng wèn,"Excuse me, may I ask...?",2
请坐,,qǐng zuò,"please, have a seat",2
秋天,,qiū tiān,autumn,2
求,,qiú,to seek; to look for; to request; to demand; to beseech,2
球,,qiú,ball; sphere; globe; ball game; match,2
球场,,qiú chǎng,stadium; sports ground; court; pitch; field; golf course,2
球队,,qiú duì,"sports team (basketball, soccer, football etc)",2
球鞋,,qiú xié,athletic shoes,2
取,,qǔ,to take; to get; to choose; to fetch,2
取得,,qǔ dé,to acquire; to get; to obtain,2
去,,qù,to go; to go to (a place); (of a time etc) last; just passed; to send; to remove; to get rid of; to reduce; to be apart from in space or time; to die (euphemism); to play (a part); (when used either before or after a verb) to go in order to do sth; (after a verb of motion indicates movement away from the speaker); (used after certain verbs to indicate detachment or separation),2
去年,,qù nián,last year,2
全,,Quán,surname Quan,2
全部,,quán bù,whole; all,2
全国,,quán guó,whole nation; nationwide; countrywide; national,2
全家,,quán jiā,whole family,2
全年,,quán nián,the whole year; all year long,2
全身,,quán shēn,the whole body; (typography) em,2
全体,,quán tǐ,all; entire,2
然后,,rán hòu,then; after that; afterwards,2
让,,ràng,"to yield; to permit; to let sb do sth; to have sb do sth; to make sb (feel sad etc); by (indicates the agent in a passive clause, like 被)",2
热,,rè,to warm up; to heat up; hot (of weather); heat; fervent,2
热情,,rè qíng,cordial; enthusiastic; passion; passionate; passionately,2
人,,rén,person; people,2
人口,,rén kǒu,population; people,2
人们,,rén men,people,2
人数,,rén shù,number of people,2
认识,,rèn shi,to know; to recognize; to be familiar with; to get acquainted with sb; knowledge; understanding; awareness; cognition,2
认为,,rèn wéi,to believe; to think; to consider; to feel,2
认真,,rèn zhēn,conscientious; earnest; serious; to take seriously; to take to heart,2
日,,Rì,"abbr. for 本, Japan",2
日报,,rì bào,daily newspaper,2
日期,,rì qī,date,2
日子,,rì zi,day; a (calendar) date; days of one's life,2
肉,,ròu,meat; flesh; pulp (of a fruit); (coll.) (of a fruit) squashy; (of a person) flabby; irresolute; Kangxi radical 130,2
如果,,rú guǒ,if; in case; in the event that,2
入口,,rù kǒu,entrance; to import,2
三,,Sān,surname San,2
山,,Shān,surname Shan,2
商场,,shāng chǎng,shopping mall; shopping center; department store; emporium; the business world,2
商店,,shāng diàn,store; shop,2
商量,,shāng liang,to consult; to talk over; to discuss,2
商人,,shāng rén,merchant; businessman,2
上,,shǎng,used in 上声,2
上班,,shàng bān,to go to work; to be on duty; to start work; to go to the office,2
上边,,shàng bian,the top; above; overhead; upwards; the top margin; above-mentioned; those higher up,2
上车,,shàng chē,"to get on or into (a bus, train, car etc)",2
上次,,shàng cì,last time,2
上课,,shàng kè,to go to class; to attend class; to go to teach a class,2
上网,,shàng wǎng,"to go online; to connect to the Internet; (of a document etc) to be uploaded to the Internet; (tennis, volleyball etc) to move in close to the net",2
上午,,shàng wǔ,morning,2
上学,,shàng xué,to go to school; to attend school,2
上周,,shàng zhōu,last week,2
少,,shǎo,few; less; to lack; to be missing; to stop (doing sth); seldom,2
少年,,shào nián,early youth; youngster; (literary) youth; young man,2
少数,,shǎo shù,small number; few; minority,2
身边,,shēn biān,at one's side; on hand,2
身上,,shēn shang,on the body; at hand; among,2
身体,,shēn tǐ,the body; one's health; in person,2
什么,,shén me,what?; something; anything,2
什么样,,shén me yàng,what kind?; what sort?,2
生,,shēng,to be born; to give birth; life; to grow; raw; uncooked; student,2
生病,,shēng bìng,to fall ill,2
生词,,shēng cí,new word (in textbook); word that is unfamiliar or not yet studied,2
生活,,shēng huó,to live; life; livelihood,2
生气,,shēng qì,to get angry; to take offense; angry; vitality; liveliness,2
生日,,shēng rì,birthday,2
声音,,shēng yīn,voice; sound,2
省,,shěng,to save; to economize; to be frugal; to omit; to delete; to leave out; province; provincial capital; a ministry (of the Japanese government),2
十,,shí,ten; 10,2
十分,,shí fēn,very; completely; utterly; extremely; absolutely; hundred percent; to divide into ten equal parts,2
时候,,shí hou,time; length of time; moment; period,2
时间,,shí jiān,time; period,2
实际,,shí jì,reality; practice; practical; realistic; real; actual,2
实习,,shí xí,to practice; field work; to intern; internship,2
实现,,shí xiàn,to achieve; to implement; to realize; to bring about,2
实在,,shí zài,really; actually; indeed; true; real; honest; dependable; (philosophy) reality,2
食物,,shí wù,food,2
使用,,shǐ yòng,to use; to employ; to apply; to make use of,2
市,,shì,market; city,2
市长,,shì zhǎng,mayor,2
事,,shì,matter; thing; item; work; affair,2
事情,,shì qing,affair; matter; thing; business,2
试,,shì,to test; to try; experiment; examination; test,2
是,,shì,to be (followed by substantives only); correct; right; true; (respectful acknowledgement of a command) very well; (adverb for emphatic assertion),2
是不是,,shì bù shì,is or isn't; yes or no; whether or not,2
收,,shōu,to receive; to accept; to collect; to put away; to restrain; to stop; in care of (used on address line after name),2
收到,,shōu dào,to receive,2
收入,,shōu rù,to take in; income; revenue,2
手,,shǒu,hand; (formal) to hold; person engaged in certain types of work; person skilled in certain types of work; personal(ly); convenient; classifier for skill,2
手表,,shǒu biǎo,wristwatch,2
手机,,shǒu jī,cell phone; mobile phone,2
受到,,shòu dào,"to receive (praise, an education, punishment etc); to be ...ed (praised, educated, punished etc)",2
书,,Shū,abbr. for 书经,2
书包,,shū bāo,schoolbag; satchel; bookbag,2
书店,,shū diàn,bookstore,2
舒服,,shū fu,comfortable; feeling well,2
熟,,shú,ripe; mature; thoroughly cooked; done; familiar; acquainted; experienced; skilled; (of sleep etc) deep; profound; also pr. [shóu],2
树,,shù,tree; to cultivate; to set up,2
数,,shǔ,to count; to count as; to regard as; to enumerate; to list,2
数字,,shù zì,numeral; digit; number; figure; amount; digital (electronics etc),2
谁,,shéi,who; also pr. [shuí],2
水,,Shuǐ,surname Shui,2
水果,,shuǐ guǒ,fruit,2
水平,,shuǐ píng,level (of achievement etc); standard; horizontal,2
睡,,shuì,to sleep; to lie down,2
睡觉,,shuì jiào,to go to bed; to sleep,2
顺利,,shùn lì,smoothly; without a hitch,2
说,,shuì,to persuade,2
说话,,shuō huà,to speak; to say; to talk; to gossip; to tell stories; talk; word,2
说明,,shuō míng,to explain; to illustrate; to indicate; to show; to prove; explanation; directions; caption,2
司机,,sī jī,chauffeur; driver,2
四,,sì,four; 4,2
送,,sòng,to send; to deliver; to transmit; to give (as a present); to see (sb) off; to accompany; to go along with,2
送到,,sòng dào,Deliver,2
送给,,sòng gěi,to send; to give as a present,2
算,,suàn,to regard as; to figure; to calculate; to compute,2
虽然,,suī rán,although; even though (often used correlatively with 是 or 是 etc),2
随便,,suí biàn,as one wishes; as one pleases; at random; negligent; casual; wanton,2
随时,,suí shí,at any time; at all times; at the right time; whenever necessary,2
岁,,suì,"variant of 岁, year; years old",2
所以,,suǒ yǐ,therefore; as a result; so; the reason why,2
所有,,suǒ yǒu,all; to have; to possess; to own,2
他,,tā,he; him (used for either sex when the sex is unknown or unimportant); (used before sb's name for emphasis); (used as a meaningless mock object); (literary) other,2
他们,,tā men,they,2
它,,tā,it,2
它们,,tā men,they (for inanimate objects),2
她,,tā,she,2
她们,,tā men,they; them (for females),2
太,,tài,highest; greatest; too (much); very; extremely,2
太太,,tài tai,married woman; Mrs.; Madam; wife,2
太阳,,tài yang,sun; abbr. for 太阳穴,2
态度,,tài du,manner; bearing; attitude; approach,2
讨论,,tǎo lùn,to discuss; to talk over,2
套,,tào,"to cover; to encase; cover; sheath; to overlap; to interleave; to model after; to copy; formula; harness; loop of rope; (fig.) to fish for; to obtain slyly; classifier for sets, collections; bend (of a river or mountain range, in place names); tau (Greek letter Ττ)",2
特别,,tè bié,unusual; special; very; especially; particularly; expressly; for a specific purpose; (often followed by 是) in particular,2
特点,,tè diǎn,characteristic (feature); trait; feature,2
疼,,téng,(it) hurts; sore; to love dearly,2
提,,dī,used in 防 and 溜,2
提出,,tí chū,to raise (an issue); to propose; to put forward; to suggest; to post (on a website); to withdraw (cash),2
提到,,tí dào,to mention; to raise (a subject); to refer to,2
提高,,tí gāo,to raise; to increase; to improve,2
题,,Tí,surname Ti,2
体育,,tǐ yù,sports; physical education,2
体育场,,tǐ yù chǎng,stadium,2
体育馆,,tǐ yù guǎn,gym; gymnasium; stadium,2
天,,tiān,day; sky; heaven,2
天气,,tiān qì,weather,2
天上,,tiān shàng,celestial; heavenly,2
条,,tiáo,"strip; item; article; clause (of law or treaty); classifier for long thin things (ribbon, river, road, trousers etc)",2
条件,,tiáo jiàn,condition; circumstance; term; factor; requirement; prerequisite; qualification; situation; state; condition,2
听,,yǐn,smile (archaic),2
听到,,tīng dào,to hear,2
听见,,tīng jiàn,to hear,2
听讲,,tīng jiǎng,to attend a lecture; to listen to a talk,2
听说,,tīng shuō,to hear (sth said); one hears (that); hearsay; listening and speaking,2
听写,,tīng xiě,(of a pupil) to write down (in a dictation exercise); dictation; (music) to transcribe by ear,2
停,,tíng,to stop; to halt; to park (a car),2
停车,,tíng chē,to pull up (stop one's vehicle); to park; (of a machine) to stop working; to stall,2
停车场,,tíng chē chǎng,parking lot; car park,2
挺,,tǐng,straight; erect; to stick out (a part of the body); to (physically) straighten up; to support; to withstand; outstanding; (coll.) quite; very; classifier for machine guns,2
挺好,,tǐng hǎo,very good,2
通,,tōng,"to go through; to know well; (suffix) expert; to connect; to communicate; open; to clear; classifier for letters, telegrams, phone calls etc",2
通过,,tōng guò,to pass through; to get through; to adopt (a resolution); to pass (legislation); to pass (a test); by means of; through; via,2
通知,,tōng zhī,to notify; to inform; notice; notification,2
同时,,tóng shí,at the same time; simultaneously,2
同事,,tóng shì,colleague; co-worker,2
同学,,tóng xué,to study at the same school; fellow student; classmate,2
同样,,tóng yàng,same; equal; equivalent,2
头,,tóu,head; hair style; the top; end; beginning or end; a stub; remnant; chief; boss; side; aspect; first; leading; classifier for pigs or livestock,2
头发,,tóu fa,hair (on the head),2
图片,,tú piàn,picture; photograph,2
图书馆,,tú shū guǎn,library,2
推,,tuī,to push; to cut; to refuse; to reject; to decline; to shirk (responsibility); to put off; to delay; to push forward; to nominate; to elect; massage,2
腿,,tuǐ,leg,2
外,,wài,outside; in addition; foreign; external,2
外边,,wài bian,outside; outer surface; abroad; place other than one's home,2
外地,,wài dì,parts of the country other than where one is,2
外国,,wài guó,foreign (country),2
外卖,,wài mài,(of a restaurant) to provide a takeout or home delivery meal; takeout (business); takeout (meal),2
外语,,wài yǔ,foreign language,2
完,,wán,to finish; to be over; whole; complete; entire,2
完成,,wán chéng,to complete; to accomplish,2
完全,,wán quán,complete; whole; totally; entirely,2
玩儿,,wán r,to play; to have fun; to hang out,2
晚,,wǎn,evening; night; late,2
晚安,,wǎn ān,Good night!; Good evening!,2
晚报,,wǎn bào,evening newspaper; (in a newspaper's name) Evening News,2
晚餐,,wǎn cān,evening meal; dinner,2
晚饭,,wǎn fàn,evening meal; dinner; supper,2
晚会,,wǎn huì,evening party,2
晚上,,wǎn shang,evening; night; in the evening,2
碗,,wǎn,variant of 碗,2
万,,mò,used in 俟,2
网,,wǎng,net; network,2
网球,,wǎng qiú,tennis; tennis ball,2
网上,,wǎng shàng,online,2
网友,,wǎng yǒu,online friend; Internet user,2
网站,,wǎng zhàn,website; network station; node,2
往,,wǎng,to go (in a direction); to; towards; (of a train) bound for; past; previous,2
忘,,wàng,to forget; to overlook; to neglect,2
忘记,,wàng jì,to forget,2
为,,wéi,as (in the capacity of); to take sth as; to act as; to serve as; to behave as; to become; to be; to do; by (in the passive voice),2
为什么,,wèi shén me,why?; for what reason?,2
位,,wèi,position; location; place; seat; classifier for people (honorific); classifier for binary bits (e.g. 十六位 16-bit or 2 bytes); (physics) potential,2
味道,,wèi dao,flavor; taste; (fig.) feeling (of ...); sense (of ...); hint (of ...); (fig.) interest; delight; (dialect) smell; odor,2
喂,,wéi,hello (when answering the phone),2
温度,,wēn dù,temperature,2
闻,,Wén,surname Wen,2
问,,wèn,to ask; to inquire,2
问路,,wèn lù,to ask for directions; to ask the way (to some place),2
问题,,wèn tí,question; problem; issue; topic,2
我,,wǒ,I; me; my,2
我们,,wǒ men,we; us; ourselves; our,2
五,,wǔ,five; 5,2
午餐,,wǔ cān,lunch; luncheon,2
午饭,,wǔ fàn,lunch,2
午睡,,wǔ shuì,to take a nap; siesta,2
习惯,,xí guàn,habit; custom; usual practice; to be used to,2
洗,,xǐ,to wash; to bathe; to develop (photographs); to shuffle (cards etc); to erase (a recording),2
洗手间,,xǐ shǒu jiān,toilet; lavatory; washroom,2
洗衣机,,xǐ yī jī,washing machine; washer,2
洗澡,,xǐ zǎo,to bathe; to take a shower,2
喜欢,,xǐ huan,to like; to be fond of,2
西,,Xī,the West; abbr. for Spain 牙; Spanish,2
西北,,Xī běi,"Northwest China (Shaanxi, Gansu, Qinghai, Ningxia, Xinjiang)",2
西边,,xī biān,west; west side; western part; to the west of,2
西餐,,xī cān,Western-style food,2
西方,,Xī fāng,the West; the Occident; Western countries,2
西南,,xī nán,southwest,2
西医,,xī yī,Western medicine; a doctor trained in Western medicine,2
下,,xià,"down; downwards; below; lower; later; next (week etc); second (of two parts); to decline; to go down; to arrive at (a decision, conclusion etc); measure word to show the frequency of an action",2
下班,,xià bān,to finish work; to get off work,2
下边,,xià bian,under; the underside; below,2
下车,,xià chē,"to get off or out of (a bus, train, car etc)",2
下次,,xià cì,next time,2
下课,,xià kè,to finish class; to get out of class; (fig.) (esp. of a sports coach) to be dismissed; to be fired,2
下午,,xià wǔ,afternoon; p.m.,2
下雪,,xià xuě,to snow,2
下雨,,xià yǔ,to rain,2
下周,,xià zhōu,next week,2
夏天,,xià tiān,summer,2
先,,xiān,early; prior; former; in advance; first,2
先生,,xiān sheng,teacher; gentleman; sir; mister (Mr.); husband; (dialect) doctor,2
现在,,xiàn zài,now; at present; at the moment; modern; current; nowadays,2
相机,,xiàng jī,camera (abbr. for 照相机); at the opportune moment; as the circumstances allow,2
相同,,xiāng tóng,identical; same,2
相信,,xiāng xìn,to be convinced (that sth is true); to believe; to accept sth as true,2
响,,xiǎng,echo; sound; noise; to make a sound; to sound; to ring; loud; classifier for noises,2
想,,xiǎng,to think (about); to think of; to devise; to think (that); to believe (that); to desire; to want (to); to miss (feel wistful about the absence of),2
想到,,xiǎng dào,to think of; to call to mind; to anticipate,2
想法,,xiǎng fǎ,way of thinking; opinion; notion; to think of a way (to do sth),2
想起,,xiǎng qǐ,to recall; to think of; to call to mind,2
向,,Xiàng,surname Xiang,2
像,,xiàng,to resemble; to be like; to look as if; such as; appearance; image; portrait; image under a mapping (math.),2
小,,xiǎo,small; tiny; few; young,2
小孩儿,,xiǎo hái r,erhua variant of 孩,2
小姐,,xiǎo jie,young lady; miss; (slang) prostitute,2
小朋友,,xiǎo péng yǒu,child,2
小声,,xiǎo shēng,in a low voice; (speak) in whispers,2
小时,,xiǎo shí,hour,2
小时候,,xiǎo shí hou,in one's childhood,2
小说,,xiǎo shuō,novel; fiction,2
小心,,xiǎo xīn,to be careful; to take care,2
小学,,xiǎo xué,elementary school; primary school,2
小学生,,xiǎo xué shēng,primary school student; schoolchild; (fig.) beginner,2
小组,,xiǎo zǔ,group,2
校园,,xiào yuán,campus,2
校长,,xiào zhǎng,"(college, university) president; headmaster",2
笑,,xiào,old variant of 笑,2
笑话,,xiào hua,joke; jest; to laugh at; to mock,2
笑话儿,,xiàohuar5,Joke,2
鞋,,xié,shoe,2
写,,xiě,to write,2
谢谢,,xiè xie,to thank; thanks; thank you,2
心里,,xīn li,chest; heart; mind,2
心情,,xīn qíng,mood; frame of mind,2
心中,,xīn zhōng,central point; in one's thoughts; in one's heart,2
新,,Xīn,abbr. for Xinjiang 疆 or Singapore 坡; surname Xin,2
新年,,xīn nián,New Year,2
新闻,,xīn wén,news,2
信,,xìn,letter; mail; to trust; to believe; to profess faith in; truthful; confidence; trust; at will; at random,2
信号,,xìn hào,signal,2
信息,,xìn xī,information; news; message,2
信心,,xìn xīn,confidence; faith (in sb or sth),2
信用卡,,xìn yòng kǎ,credit card,2
星期,,xīng qī,week; day of the week; Sunday,2
星期日,,Xīng qī rì,Sunday,2
星期天,,Xīng qī tiān,Sunday,2
星星,,xīng xing,(coll.) a star; the stars in the sky,2
行,,háng,"row; line; commercial firm; line of business; profession; to rank (first, second etc) among one's siblings (by age); (in data tables) row; (Tw) column",2
行动,,xíng dòng,operation; action; to move about; mobile,2
行人,,xíng rén,pedestrian; traveler on foot; passer-by; official responsible for arranging audiences with the emperor,2
行为,,xíng wéi,action; conduct; behavior; activity,2
姓,,xìng,family name; surname; to be surnamed,2
姓名,,xìng míng,surname and given name; full name,2
休假,,xiū jià,to go on vacation; to have a holiday; to take leave,2
休息,,xiū xi,rest; to rest,2
许多,,xǔ duō,many; a lot of; much,2
选,,xuǎn,to choose; to pick; to select; to elect,2
学,,xué,to learn; to study; to imitate; science; -ology,2
学期,,xué qī,term; semester,2
学生,,xué sheng,student; schoolchild,2
学习,,xué xí,to learn; to study,2
学校,,xué xiào,school,2
学院,,xué yuàn,college; educational institute; school; faculty,2
雪,,Xuě,surname Xue,2
颜色,,yán sè,color; countenance; appearance; facial expression; pigment; dyestuff,2
眼,,yǎn,"eye; small hole; crux (of a matter); classifier for big hollow things (wells, stoves, pots etc)",2
眼睛,,yǎn jing,eye,2
养,,yǎng,to raise (animals); to bring up (children); to keep (pets); to support; to give birth,2
样子,,yàng zi,appearance; manner; pattern; model,2
药,,yào,leaf of the iris; variant of 药,2
药店,,yào diàn,pharmacy,2
药片,,yào piàn,a (medicine) pill or tablet,2
药水,,Yào shuǐ,"Yaksu in North Korea, near the border with Liaoning and Jiling province",2
要,,yāo,(bound form) to demand; to coerce,2
要求,,yāo qiú,to request; to require; requirement; to stake a claim; to ask; to demand,2
也,,Yě,surname Ye,2
也许,,yě xǔ,perhaps; maybe,2
页,,xié,head,2
夜,,yè,variant of 夜,2
夜里,,yè li,during the night; at night; nighttime,2
爷爷,,yé ye,(coll.) father's father; paternal grandfather,2
一,,yī,"one; single; a (article); as soon as; entire; whole; all; throughout; ""one"" radical in Chinese characters (Kangxi radical 1); also pr. [yāo] for greater clarity when spelling out numbers digit by digit",2
一般,,yī bān,same; ordinary; so-so; common; general; generally; in general,2
一半,,yī bàn,half,2
一边,,yī biān,one side; either side; on the one hand; on the other hand; doing while,2
一部分,,yī bù fen,portion; part of; subset,2
一点点,,yī diǎn diǎn,a little bit,2
一点儿,,yī diǎn r,erhua variant of 一点,2
一定,,yī dìng,surely; certainly; necessarily; fixed; a certain (extent etc); given; particular; must,2
一共,,yī gòng,altogether,2
一会儿,,yī huì r,a moment; a while; in a moment; now...now...; also pr. [yī huǐ r],2
一块儿,,yī kuài r,erhua variant of 一块,2
一路平安,,yī lù píng ān,to have a pleasant journey; Bon voyage!,2
一路顺风,,yī lù shùn fēng,to have a pleasant journey (idiom),2
一起,,yī qǐ,in the same place; together; with; altogether (in total),2
一生,,yī shēng,all one's life; throughout one's life,2
一下儿,,yī xià r,erhua variant of 下,2
一些,,yī xiē,some; a few; a little; (following an adjective) slightly ...er,2
一样,,yī yàng,same; like; equal to; the same as; just like,2
一直,,yī zhí,straight (in a straight line); continuously; always; all the way through,2
衣服,,yī fu,clothes,2
医生,,yī shēng,doctor,2
医院,,yī yuàn,hospital,2
已经,,yǐ jīng,already,2
以后,,yǐ hòu,after; later; afterwards; following; later on; in the future,2
以前,,yǐ qián,before; formerly; previous; ago,2
以上,,yǐ shàng,that level or higher; that amount or more; the above-mentioned; (used to indicate that one has completed one's remarks) That is all.,2
以外,,yǐ wài,apart from; other than; except for; external; outside of; on the other side of; beyond,2
以为,,yǐ wéi,to think (i.e. to take it to be true that ...) (Usually there is an implication that the notion is mistaken – except when expressing one's own current opinion.),2
以下,,yǐ xià,that level or lower; that amount or less; the following,2
椅子,,yǐ zi,chair,2
亿,,yì,100 million,2
意见,,yì jiàn,idea; opinion; suggestion; objection; complaint,2
意思,,yì si,"idea; opinion; meaning; wish; desire; interest; fun; token of appreciation, affection etc; to give as a small token; to do sth as a gesture of goodwill etc",2
因为,,yīn wèi,because; owing to; on account of,2
阴,,Yīn,surname Yin,2
阴天,,yīn tiān,cloudy day; overcast sky,2
音节,,yīn jié,syllable,2
音乐,,yīn yuè,music,2
音乐会,,yīn yuè huì,concert,2
银行,,yín háng,bank,2
银行卡,,yín háng kǎ,bank card; ATM card,2
应该,,yīng gāi,ought to; should; must,2
英文,,Yīng wén,English (language),2
英语,,Yīng yǔ,English (language),2
影片,,yǐng piàn,a copy of a film; film; motion picture; movie,2
影响,,yǐng xiǎng,influence; effect; to influence; to affect (usually adversely); to disturb,2
永远,,yǒng yuǎn,forever; eternal,2
用,,yòng,to use; to employ; to have to; to eat or drink; expense or outlay; usefulness; hence; therefore,2
油,,yóu,"oil; fat; grease; petroleum; to apply tung oil, paint or varnish; oily; greasy; glib; cunning",2
游客,,yóu kè,traveler; tourist; (online gaming) guest player,2
有,,yǒu,to have; there is; (bound form) having; with; -ful; -ed; -al (as in 意 intentional),2
有的,,yǒu de,(there are) some (who are...); some (exist),2
有点儿,,yǒu diǎn r,slightly; a little; somewhat,2
有空儿,,yǒukòngr5,available,2
有名,,yǒu míng,famous; well-known,2
有人,,yǒu rén,someone; people; anyone; there is someone there; occupied (as in restroom),2
有时,,yǒu shí,sometimes; now and then,2
有时候,,yǒu shí hou,sometimes,2
有些,,yǒu xiē,some; somewhat,2
有一点儿,,yǒu yī diǎn r,a bit; a little,2
有一些,,yǒu yī xiē,somewhat; rather; some,2
有意思,,yǒu yì si,interesting; meaningful; enjoyable; fun,2
有用,,yǒu yòng,useful,2
又,,yòu,(once) again; also; both... and...; and yet; (used for emphasis) anyway,2
右,,yòu,(bound form) right; right-hand side; (bound form) (politics) right of center; (bound form) (old) west; (literary) the right side as the side of precedence,2
右边,,yòu bian,"right side; right, to the right",2
友好,,Yǒu hǎo,"Youhao district of Yichun city 市, Heilongjiang",2
鱼,,Yú,surname Yu,2
雨,,yǔ,rain,2
语言,,yǔ yán,language,2
元,,Yuán,surname Yuan; the Yuan or Mongol dynasty (1279-1368),2
原来,,yuán lái,"original; former; originally; formerly; at first; so, actually, as it turns out",2
原因,,yuán yīn,cause; origin; root cause; reason,2
远,,yuǎn,far; distant; remote; (intensifier in a comparison) by far; much (lower etc),2
院,,yuàn,courtyard; institution,2
院长,,yuàn zhǎng,the head of an institution whose name ends in 院; chair of a board; president of a university; department head; dean; premier of the Republic of China,2
院子,,yuàn zi,courtyard; garden; yard; patio; (old) servant,2
愿意,,yuàn yì,to wish; to want; ready; willing (to do sth),2
月,,yuè,moon; month; monthly,2
月份,,yuè fèn,month,2
月亮,,yuè liang,the moon,2
越,,Yuè,generic word for peoples or states of south China or south Asia at different historical periods; abbr. for Vietnam 越南,2
越来越,,yuè lái yuè,more and more,2
云,,yún,(classical) to say,2
运动,,yùn dòng,to move; to exercise; sports; exercise; motion; movement; campaign,2
再,,zài,"again; once more; re-; second; another; then (after sth, and not until then); no matter how ... (followed by an adjective or verb, and then (usually) 也 or 都 for emphasis)",2
再见,,zài jiàn,goodbye; see you again later,2
在,,zài,to exist; to be alive; (of sb or sth) to be (located) at; (used before a verb to indicate an action in progress),2
在家,,zài jiā,to be at home; (at a workplace) to be in (as opposed to being away on official business 差); (Buddhism etc) to remain a layman (as opposed to becoming a monk or a nun 家),2
咱,,zán,variant of 咱,2
咱们,,zán men,we or us (including both the speaker and the person(s) spoken to); (dialect) I or me; (dialect) (in a coaxing or familiar way) you; also pr. [zá men],2
脏,,zàng,viscera; (anatomy) organ,2
早,,zǎo,early; morning; Good morning!; long ago; prematurely,2
早餐,,zǎo cān,breakfast,2
早晨,,zǎo chén,early morning; also pr. [zǎo chen],2
早饭,,zǎo fàn,breakfast,2
早就,,zǎo jiù,already at an earlier time,2
早上,,zǎo shang,early morning,2
怎么,,zěn me,how?; what?; why?,2
怎么办,,zěn me bàn,what's to be done,2
怎么样,,zěn me yàng,how?; how about?; how was it?; how are things?,2
怎样,,zěn yàng,how; what kind,2
占,,zhàn,variant of 占,2
站,,zhàn,station; to stand; to halt; to stop; branch of a company or organization; website,2
站住,,zhàn zhù,to stand,2
长,,cháng,length; long; forever; always; constantly,2
长大,,zhǎng dà,to grow up,2
找,,zhǎo,to try to find; to look for; to call on sb; to find; to seek; to return; to give change,2
找出,,zhǎo chū,to find; to search out,2
找到,,zhǎo dào,to find,2
照顾,,zhào gu,to take care of; to show consideration; to attend to; to look after,2
照片,,zhào piàn,photograph; picture,2
照相,,zhào xiàng,to take a photograph,2
这,,zhè,"(pronoun) this; these; (bound form) this; the (followed by a noun); (bound form) this; these (followed by a classifier) (in this sense, commonly pr. [zhèi], esp. in Beijing)",2
这边,,zhè biān,this side; here,2
这儿,,zhè r,here,2
这里,,zhè lǐ,variant of 这里,2
这么,,zhè me,so much; this much; how much?; this way; like this,2
这时,,zhè shí,at this time; at this moment,2
这时候,,zhè shíhòu,At this moment,2
这些,,zhè xiē,these,2
这样,,zhè yàng,this kind of; so; this way; like this; such,2
着,,zhāo,(chess) move; trick; all right!; (dialect) to add,2
真,,zhēn,really; truly; indeed; real; true; genuine,2
真的,,zhēn de,"really, truly, indeed",2
真正,,zhēn zhèng,genuine; real; true; really; indeed,2
正,,zhēng,first month of the lunar year,2
正常,,zhèng cháng,regular; normal; ordinary,2
正好,,zhèng hǎo,just (in time); just right; just enough; to happen to; to chance to; by chance; it just so happens that,2
正确,,zhèng què,correct; sound; right; proper,2
正是,,zhèng shì,is precisely,2
正在,,zhèng zài,just at (that time); right in (that place); right in the middle of (doing sth),2
知道,,zhī dào,to know; to become aware of; also pr. [zhī dao],2
知识,,zhī shi,knowledge; intellectual,2
直接,,zhí jiē,direct (opposite: indirect 间接); immediate; straightforward,2
只,,zhǐ,only; merely; just; but,2
只能,,zhǐ néng,can only; obliged to do sth; to have no other choice,2
只要,,zhǐ yào,if only; so long as,2
纸,,zhǐ,variant of 纸,2
中,,Zhōng,China; Chinese; surname Zhong,2
中餐,,zhōng cān,lunch; Chinese meal; Chinese food,2
中国,,Zhōng guó,China,2
中级,,zhōng jí,middle level (in a hierarchy),2
中间,,zhōng jiān,the middle; the inside; in the middle; within; between; among; during; in the meantime,2
中年,,zhōng nián,middle age,2
中文,,Zhōng wén,Chinese language,2
中午,,zhōng wǔ,noon; midday,2
中小学,,zhōng xiǎo xué,middle and elementary school,2
中心,,zhōng xīn,center; heart; core,2
中学,,zhōng xué,middle school,2
中学生,,zhōng xué shēng,middle-school student; high school student,2
中医,,Zhōng yī,traditional Chinese medical science; a doctor trained in Chinese medicine,2
重,,chóng,to repeat; repetition; again; re-; classifier: layer,2
重点,,chóng diǎn,to recount (e.g. results of election); to re-evaluate,2
重复,,chóng fù,to repeat; to duplicate,2
重视,,zhòng shì,to attach importance to sth; to value,2
重新,,chóng xīn,again; once more; re-,2
重要,,zhòng yào,important; significant; major,2
周,,Zhōu,surname Zhou; Zhou Dynasty (1046-256 BC),2
周末,,zhōu mò,weekend,2
周年,,zhōu nián,anniversary; annual,2
主人,,zhǔ rén,master; host; owner,2
主要,,zhǔ yào,main; principal; major; primary,2
住,,zhù,"to live; to dwell; to stay; to reside; to stop; (suffix indicating firmness, steadiness, or coming to a halt)",2
住房,,zhù fáng,housing,2
住院,,zhù yuàn,to be in hospital; to be hospitalized,2
装,,zhuāng,adornment; to adorn; dress; clothing; costume (of an actor in a play); to play a role; to pretend; to install; to fix; to wrap (sth in a bag); to load; to pack,2
准备,,zhǔn bèi,preparation; to prepare; to intend; to be about to; reserve (fund),2
准确,,zhǔn què,accurate; exact; precise,2
桌子,,zhuō zi,table; desk,2
字,,zì,letter; symbol; character; word; courtesy or style name traditionally given to males aged 20 in dynastic China,2
字典,,zì diǎn,"Chinese character dictionary (containing entries for single characters, contrasted with a 词典, which has entries for words of one or more characters); (coll.) dictionary",2
自己,,zì jǐ,oneself; one's own,2
自行车,,zì xíng chē,bicycle; bike,2
自由,,zì yóu,freedom; liberty; free; unrestricted,2
子,,zǐ,"son; child; seed; egg; small thing; 1st earthly branch: 11 p.m.-1 a.m., midnight, 11th solar month (7th December to 5th January), year of the Rat; Viscount, fourth of five orders of nobility 位; ancient Chinese compass point: 0° (north); subsidiary; subordinate; sub-",2
走,,zǒu,"to walk; to go; to run; to move (of vehicle); to visit; to leave; to go away; to die (euph.); from; through; away (in compound verbs, such as 走); to change (shape, form, meaning)",2
走过,,zǒu guò,to walk past; to pass by,2
走进,,zǒu jìn,to enter,2
走开,,zǒu kāi,to leave; to walk away; to beat it; to move aside,2
走路,,zǒu lù,to walk; to go on foot,2
租,,zū,to hire; to rent; to charter; to rent out; to lease out; rent; land tax,2
组,,Zǔ,surname Zu,2
组成,,zǔ chéng,to form; to make up; to constitute,2
组长,,zǔ zhǎng,group leader,2
嘴,,zuǐ,mouth; beak; nozzle; spout (of teapot etc),2
最,,zuì,variant of 最,2
最好,,zuì hǎo,best; (you) had better (do what we suggest),2
最后,,zuì hòu,final; last; finally; ultimate,2
最近,,zuì jìn,recently; soon; nearest,2
昨天,,zuó tiān,yesterday,2
左,,Zuǒ,surname Zuo,2
左边,,zuǒ bian,left; the left side; to the left of,2
作家,,zuò jiā,author,2
作文,,zuò wén,to write an essay; composition (student essay),2
作业,,zuò yè,school assignment; homework; work; task; operation; to operate,2
作用,,zuò yòng,"to act on; to affect; action; function; activity; impact; result; effect; purpose; intent; (suffix) -ation, -tion etc, as in 用, inhibition",2
坐,,Zuò,surname Zuo,2
坐下,,zuò xia,to sit down,2
座,,zuò,"seat; base; stand; (archaic) suffix used in a respectful form of address, e.g. 师座; classifier for buildings, mountains and similar immovable objects",2
座位,,zuò wèi,seat,2
做,,zuò,"to make; to produce; to write; to compose; to do; to engage in; to hold (a party etc); (of a person) to be (an intermediary, a good student etc); to become (husband and wife, friends etc); (of a thing) to serve as; to be used for; to assume (an air or manner)",2
做到,,zuò dào,to accomplish; to achieve,2
做法,,zuò fǎ,way of handling sth; method for making; work method; recipe; practice,2
做饭,,zuò fàn,to prepare a meal; to cook,2
